bookingID;roomID;guestFirstName;guestSecondName;guestPhone;checkInDate;checkOutDate
1;2;John;Doe;1234567890;2024-05-10;2024-05-12
2;3;Jane;Smith;987654321;2024-05-15;2024-05-18
3;6;Alice;Johnson;1122334455;2024-06-01;2024-06-04
4;4;Mark;Brown;2233445566;2024-06-05;2024-06-08
5;7;Lucy;Green;3344556677;2024-06-15;2024-06-18
6;8;Robert;Brown;2244668800;2024-06-25;2024-06-28
7;10;Emily;White;4433221100;2024-07-01;2024-07-05
8;5;Daniel;Harris;5566778899;2024-07-10;2024-07-13
9;9;Sarah;Connor;6677889900;2024-07-20;2024-07-23
10;1;Michael;Clark;7788990011;2024-07-30;2024-08-02
11;2;Anna;Bell;1122445566;2024-08-10;2024-08-14
12;3;Peter;Parker;6677889900;2024-08-20;2024-08-24
13;6;Linda;Johnson;7788990011;2024-09-01;2024-09-05
14;4;Tom;Hanks;2233445566;2024-09-05;2024-09-09
15;7;Kate;Winslet;3344556677;2024-09-15;2024-09-18
16;8;Robert;Downey;2244668800;2024-09-25;2024-09-29
17;10;Mary;Jane;4433221100;2024-10-01;2024-10-04
18;5;Bruce;Wayne;5566778899;2024-10-10;2024-10-13
19;9;Clark;Kent;6677889900;2024-10-20;2024-10-23
20;1;Lois;Lane;7788990011;2024-10-30;2024-11-02
21;2;Barbara;Ball;1122334455;2024-11-10;2024-11-13
22;3;Charles;Johnson;2233445566;2024-11-20;2024-11-23
23;6;Diana;Ross;3344556677;2024-12-01;2024-12-04
24;4;Edward;Norton;4455667788;2024-12-05;2024-12-08
25;7;Frank;Underwood;5566778899;2024-12-15;2024-12-18
26;8;Gal;Gadot;6677889900;2024-12-25;2024-12-28
27;10;Harry;Potter;7788990011;2025-01-01;2025-01-04
28;5;Iron;Man;8899001122;2025-01-10;2025-01-13
29;9;Jennifer;Lopez;9900112233;2025-01-20;2025-01-23
30;1;Kevin;Durant;11223344;2025-01-30;2025-02-02
31;2;Linda;Lovelace;1122334455;2025-02-10;2025-02-13
32;3;Michael;Scott;2233445566;2025-02-20;2025-02-23
33;6;Natalie;Portman;3344556677;2025-03-01;2025-03-04
34;4;Olivia;Wilde;4455667788;2025-03-05;2025-03-08
35;7;Peter;Pan;5566778899;2025-03-15;2025-03-18
36;8;Queen;Elizabeth;6677889900;2025-03-25;2025-03-28
37;10;Richard;Nixon;7788990011;2025-04-01;2025-04-04
38;5;Sarah;Palin;8899001122;2025-04-10;2025-04-13
39;9;Tom;Cruise;9900112233;2025-04-20;2025-04-23
40;1;Uma;Thurman;11223344;2025-04-30;2025-05-03
41;2;Victoria;Secret;1122334455;2025-05-10;2025-05-13
42;3;Walter;White;2233445566;2025-05-20;2025-05-23
43;6;Xavier;Magneto;3344556677;2025-06-01;2025-06-04
44;4;Yoda;Skywalker;4455667788;2025-06-05;2025-06-08
45;7;Zoe;Saldana;5566778899;2025-06-15;2025-06-18
46;8;Aaron;Rodgers;6677889900;2025-06-25;2025-06-28
47;10;Benedict;Cumberbatch;7788990011;2025-07-01;2025-07-04
48;5;Catherine;Zeta-Jones;8899001122;2025-07-10;2025-07-13
49;9;Donald;Duck;9900112233;2025-07-20;2025-07-23
50;1;Emma;Watson;11223344;2025-07-30;2025-08-02